-- phpMyAdmin SQL Dump
-- version 5.1.1
-- https://www.phpmyadmin.net/
--
-- Host: 127.0.0.1
-- Waktu pembuatan: 08 Mar 2023 pada 16.52
-- Versi server: 10.4.22-MariaDB
-- Versi PHP: 7.4.27

SET SQL_MODE = "NO_AUTO_VALUE_ON_ZERO";
START TRANSACTION;
SET time_zone = "+00:00";


/*!40101 SET @OLD_CHARACTER_SET_CLIENT=@@CHARACTER_SET_CLIENT */;
/*!40101 SET @OLD_CHARACTER_SET_RESULTS=@@CHARACTER_SET_RESULTS */;
/*!40101 SET @OLD_COLLATION_CONNECTION=@@COLLATION_CONNECTION */;
/*!40101 SET NAMES utf8mb4 */;

--
-- Database: `xylaundry`
--

-- --------------------------------------------------------

--
-- Struktur dari tabel `tb_detail_transaksi`
--

CREATE TABLE `tb_detail_transaksi` (
  `id` int(11) NOT NULL,
  `id_transaksi` int(11) DEFAULT NULL,
  `id_paket` int(11) DEFAULT NULL,
  `qty` double NOT NULL,
  `keterangan` text NOT NULL
) ENGINE=InnoDB DEFAULT CHARSET=utf8mb4;

--
-- Dumping data untuk tabel `tb_detail_transaksi`
--

INSERT INTO `tb_detail_transaksi` (`id`, `id_transaksi`, `id_paket`, `qty`, `keterangan`) VALUES
(1, 1, 1, 12, ''),
(9, NULL, NULL, 2, ''),
(10, 15, 1, 2, ''),
(11, NULL, NULL, 2, ''),
(12, 16, 1, 3, ''),
(13, 17, 1, 10, ''),
(14, 18, 1, 2, '');

-- --------------------------------------------------------

--
-- Struktur dari tabel `tb_member`
--

CREATE TABLE `tb_member` (
  `id` int(11) NOT NULL,
  `nama` varchar(100) NOT NULL,
  `alamat` text NOT NULL,
  `jenis_kelamin` enum('L','P') NOT NULL,
  `tlp` varchar(15) NOT NULL
) ENGINE=InnoDB DEFAULT CHARSET=utf8mb4;

--
-- Dumping data untuk tabel `tb_member`
--

INSERT INTO `tb_member` (`id`, `nama`, `alamat`, `jenis_kelamin`, `tlp`) VALUES
(1, 'Nasyih Wawan', 'Bandung', 'L', '0234032'),
(2, 'Risqi Andryana', 'Cibiru', 'L', '093219798');

-- --------------------------------------------------------

--
-- Struktur dari tabel `tb_outlet`
--

CREATE TABLE `tb_outlet` (
  `id` int(11) NOT NULL,
  `nama` varchar(100) NOT NULL,
  `alamat` text NOT NULL,
  `tlp` varchar(15) NOT NULL
) ENGINE=InnoDB DEFAULT CHARSET=utf8mb4;

--
-- Dumping data untuk tabel `tb_outlet`
--

INSERT INTO `tb_outlet` (`id`, `nama`, `alamat`, `tlp`) VALUES
(1, 'Bandung', 'Bandung timur', '5435435');

-- --------------------------------------------------------

--
-- Struktur dari tabel `tb_paket`
--

CREATE TABLE `tb_paket` (
  `id` int(11) NOT NULL,
  `id_outlet` int(11) NOT NULL,
  `jenis` enum('kiloan','selimut','bed_cover','kaos','lain') NOT NULL,
  `nama_paket` varchar(100) NOT NULL,
  `harga` int(11) NOT NULL
) ENGINE=InnoDB DEFAULT CHARSET=utf8mb4;

--
-- Dumping data untuk tabel `tb_paket`
--

INSERT INTO `tb_paket` (`id`, `id_outlet`, `jenis`, `nama_paket`, `harga`) VALUES
(1, 1, 'kiloan', 'P2', 7000);

-- --------------------------------------------------------

--
-- Struktur dari tabel `tb_transaksi`
--

CREATE TABLE `tb_transaksi` (
  `id` int(11) NOT NULL,
  `id_outlet` int(11) NOT NULL,
  `id_paket` int(11) NOT NULL,
  `kode_invoice` varchar(100) NOT NULL,
  `id_member` int(11) NOT NULL,
  `tgl` datetime NOT NULL,
  `batas_waktu` datetime NOT NULL,
  `tgl_bayar` datetime NOT NULL,
  `biaya_tambahan` int(11) NOT NULL,
  `qty` double NOT NULL,
  `diskon` double NOT NULL,
  `pajak` int(11) NOT NULL,
  `status` enum('baru','proses','selesai','diambil') NOT NULL,
  `dibayar` enum('dibayar','belum_dibayar') NOT NULL,
  `id_user` int(11) NOT NULL
) ENGINE=InnoDB DEFAULT CHARSET=utf8mb4;

--
-- Dumping data untuk tabel `tb_transaksi`
--

INSERT INTO `tb_transaksi` (`id`, `id_outlet`, `id_paket`, `kode_invoice`, `id_member`, `tgl`, `batas_waktu`, `tgl_bayar`, `biaya_tambahan`, `qty`, `diskon`, `pajak`, `status`, `dibayar`, `id_user`) VALUES
(1, 1, 1, 'dawdwdw', 1, '0000-00-00 00:00:00', '0000-00-00 00:00:00', '0000-00-00 00:00:00', 0, 0, 0, 0, 'baru', 'dibayar', 2),
(15, 1, 1, 'AKU', 1, '2023-03-02 00:00:00', '2023-03-03 00:00:00', '2023-03-04 00:00:00', 0, 0, 0, 0, 'selesai', 'dibayar', 3),
(16, 1, 1, 'doaidwd', 1, '2023-03-03 00:00:00', '2023-03-03 00:00:00', '2023-03-04 00:00:00', 0, 3, 0, 0, 'diambil', '', 3),
(17, 1, 1, 'dadadad', 1, '2023-03-08 00:00:00', '2023-03-10 00:00:00', '2023-03-09 00:00:00', 0, 10, 0, 0, 'diambil', 'dibayar', 3),
(18, 1, 1, '64089512e2fe6', 2, '2023-03-08 00:00:00', '2023-03-08 00:00:00', '2023-03-08 00:00:00', 0, 2, 0, 0, 'proses', 'dibayar', 3);

--
-- Trigger `tb_transaksi`
--
DELIMITER $$
CREATE TRIGGER `after_insert_tb_transaksi` AFTER INSERT ON `tb_transaksi` FOR EACH ROW INSERT INTO tb_detail_transaksi (id_transaksi, id_paket, qty) VALUES (NEW.id, NEW.id_paket, NEW.qty)
$$
DELIMITER ;

-- --------------------------------------------------------

--
-- Struktur dari tabel `tb_user`
--

CREATE TABLE `tb_user` (
  `id` int(11) NOT NULL,
  `nama` varchar(100) NOT NULL,
  `username` varchar(30) NOT NULL,
  `password` text NOT NULL,
  `id_outlet` int(11) NOT NULL,
  `role` enum('admin','kasir','owner') NOT NULL
) ENGINE=InnoDB DEFAULT CHARSET=utf8mb4;

--
-- Dumping data untuk tabel `tb_user`
--

INSERT INTO `tb_user` (`id`, `nama`, `username`, `password`, `id_outlet`, `role`) VALUES
(2, '', '', '$2y$10$HBK9GGm5LAnC9SMz4hpIPe/kh0N2.oWSbLRtcbmrkMUu2gAkGbXzK', 1, 'admin'),
(3, 'admin', 'admin', '$2y$10$kE9Aclna4jZxYBWR3kd/tuXt0yzRmrE.WVBSt7ijs7AmgtHm9R51.', 1, 'admin');

--
-- Indexes for dumped tables
--

--
-- Indeks untuk tabel `tb_detail_transaksi`
--
ALTER TABLE `tb_detail_transaksi`
  ADD PRIMARY KEY (`id`),
  ADD KEY `id_paket` (`id_paket`),
  ADD KEY `id_transaksi` (`id_transaksi`);

--
-- Indeks untuk tabel `tb_member`
--
ALTER TABLE `tb_member`
  ADD PRIMARY KEY (`id`);

--
-- Indeks untuk tabel `tb_outlet`
--
ALTER TABLE `tb_outlet`
  ADD PRIMARY KEY (`id`);

--
-- Indeks untuk tabel `tb_paket`
--
ALTER TABLE `tb_paket`
  ADD PRIMARY KEY (`id`);

--
-- Indeks untuk tabel `tb_transaksi`
--
ALTER TABLE `tb_transaksi`
  ADD PRIMARY KEY (`id`),
  ADD KEY `id_member` (`id_member`),
  ADD KEY `id_outlet` (`id_outlet`),
  ADD KEY `id_user` (`id_user`);

--
-- Indeks untuk tabel `tb_user`
--
ALTER TABLE `tb_user`
  ADD PRIMARY KEY (`id`),
  ADD KEY `id_outlet` (`id_outlet`);

--
-- AUTO_INCREMENT untuk tabel yang dibuang
--

--
-- AUTO_INCREMENT untuk tabel `tb_detail_transaksi`
--
ALTER TABLE `tb_detail_transaksi`
  MODIFY `id` int(11) NOT NULL AUTO_INCREMENT, AUTO_INCREMENT=15;

--
-- AUTO_INCREMENT untuk tabel `tb_member`
--
ALTER TABLE `tb_member`
  MODIFY `id` int(11) NOT NULL AUTO_INCREMENT, AUTO_INCREMENT=3;

--
-- AUTO_INCREMENT untuk tabel `tb_outlet`
--
ALTER TABLE `tb_outlet`
  MODIFY `id` int(11) NOT NULL AUTO_INCREMENT, AUTO_INCREMENT=2;

--
-- AUTO_INCREMENT untuk tabel `tb_paket`
--
ALTER TABLE `tb_paket`
  MODIFY `id` int(11) NOT NULL AUTO_INCREMENT, AUTO_INCREMENT=2;

--
-- AUTO_INCREMENT untuk tabel `tb_transaksi`
--
ALTER TABLE `tb_transaksi`
  MODIFY `id` int(11) NOT NULL AUTO_INCREMENT, AUTO_INCREMENT=19;

--
-- AUTO_INCREMENT untuk tabel `tb_user`
--
ALTER TABLE `tb_user`
  MODIFY `id` int(11) NOT NULL AUTO_INCREMENT, AUTO_INCREMENT=4;

--
-- Ketidakleluasaan untuk tabel pelimpahan (Dumped Tables)
--

--
-- Ketidakleluasaan untuk tabel `tb_detail_transaksi`
--
ALTER TABLE `tb_detail_transaksi`
  ADD CONSTRAINT `tb_detail_transaksi_ibfk_1` FOREIGN KEY (`id_paket`) REFERENCES `tb_paket` (`id`),
  ADD CONSTRAINT `tb_detail_transaksi_ibfk_2` FOREIGN KEY (`id_transaksi`) REFERENCES `tb_transaksi` (`id`);

--
-- Ketidakleluasaan untuk tabel `tb_transaksi`
--
ALTER TABLE `tb_transaksi`
  ADD CONSTRAINT `tb_transaksi_ibfk_1` FOREIGN KEY (`id_member`) REFERENCES `tb_member` (`id`),
  ADD CONSTRAINT `tb_transaksi_ibfk_2` FOREIGN KEY (`id_outlet`) REFERENCES `tb_outlet` (`id`),
  ADD CONSTRAINT `tb_transaksi_ibfk_3` FOREIGN KEY (`id_user`) REFERENCES `tb_user` (`id`);

--
-- Ketidakleluasaan untuk tabel `tb_user`
--
ALTER TABLE `tb_user`
  ADD CONSTRAINT `tb_user_ibfk_1` FOREIGN KEY (`id_outlet`) REFERENCES `tb_outlet` (`id`);
COMMIT;

/*!40101 SET CHARACTER_SET_CLIENT=@OLD_CHARACTER_SET_CLIENT */;
/*!40101 SET CHARACTER_SET_RESULTS=@OLD_CHARACTER_SET_RESULTS */;
/*!40101 SET COLLATION_CONNECTION=@OLD_COLLATION_CONNECTION */;
